{"latitud": 36.7213028, "longitud": -4.4216366, "ciudad": "M\u00e1laga"}